,n,k,differences,percent_diff,matches
0,10000,5,1134,0.13483947681331748,8410
1,10000,5,986,0.11782982791586998,8368
2,10000,5,1038,0.12365975696926376,8394
3,10000,5,986,0.11745086360929125,8395
4,10000,5,1144,0.13583471859415816,8422
5,10000,5,1142,0.1359038438652862,8403
6,10000,5,1060,0.1261904761904762,8400
7,10000,5,1126,0.13379277566539924,8416
8,10000,5,1088,0.12903225806451613,8432
9,10000,5,964,0.11513197181416458,8373
10,10000,5,1064,0.12627581295988607,8426
11,10000,5,1088,0.12946216087577345,8404
12,10000,5,1092,0.12973743614114291,8417
13,10000,5,932,0.1110978662534271,8389
14,10000,5,1070,0.1273203236554022,8404
15,10000,5,1222,0.14456406009700698,8453
16,10000,5,1212,0.14438884917798428,8394
17,10000,5,1046,0.12375769048745859,8452
18,10000,5,1060,0.126476554110488,8381
19,10000,5,1040,0.12322274881516587,8440
20,10000,5,1048,0.12434741338395823,8428
21,10000,5,1006,0.11976190476190476,8400
22,10000,5,1120,0.13317479191438764,8410
23,10000,5,1086,0.1295015502027188,8386
24,10000,5,1006,0.11980469215195903,8397
25,10000,5,1066,0.12707116462033616,8389
26,10000,5,998,0.11905045926279374,8383
27,10000,5,940,0.11191808548636742,8399
28,10000,5,970,0.1152155837985509,8419
29,10000,5,1072,0.12774070543374644,8392
30,10000,5,1026,0.12196861626248216,8412
31,10000,5,1024,0.12157188650124659,8423
32,10000,5,1078,0.12844036697247707,8393
33,10000,5,1100,0.1305173232083531,8428
34,10000,5,1092,0.12986086336068497,8409
35,10000,5,1036,0.1235097758702909,8388
36,10000,5,1072,0.1278321011209158,8386
37,10000,5,1062,0.12656417590275296,8391
38,10000,5,1090,0.1297155777698441,8403
39,10000,5,1066,0.1263482280431433,8437
40,10000,5,1048,0.12415590569837696,8441
41,10000,5,1076,0.1278821012598051,8414
42,10000,5,1032,0.12257987884546859,8419
43,10000,5,978,0.11652567615870368,8393
44,10000,5,1054,0.12525252525252525,8415
45,10000,5,1084,0.12843601895734597,8440
46,10000,5,1000,0.11940298507462686,8375
47,10000,5,968,0.11519695346899916,8403
48,10000,5,992,0.11795481569560047,8410
49,10000,5,1064,0.1267723102585488,8393
50,10000,5,1054,0.1251484208026597,8422
51,10000,5,1076,0.12815626488804194,8396
52,10000,5,1102,0.13129989276778267,8393
53,10000,5,1046,0.12447935261216232,8403
54,10000,5,1006,0.11969066032123736,8405
55,10000,5,1058,0.1256084530452333,8423
56,10000,5,1088,0.12913946587537092,8425
57,10000,5,1028,0.12296650717703349,8360
58,10000,5,1042,0.12428435114503816,8384
59,10000,5,1140,0.13574660633484162,8398
60,10000,5,1006,0.11949162608385794,8419
61,10000,5,1028,0.12151300236406619,8460
62,10000,5,1142,0.13542037234673307,8433
63,10000,5,1072,0.12746730083234245,8410
64,10000,5,1082,0.12832068311195446,8432
65,10000,5,1108,0.1317165953399905,8412
66,10000,5,1038,0.12399952215983753,8371
67,10000,5,1110,0.13132986275437766,8452
68,10000,5,1128,0.13455803411666467,8383
69,10000,5,1102,0.13086331789573685,8421
70,10000,5,1050,0.12431920435709211,8446
71,10000,5,1066,0.12649816067402397,8427
72,10000,5,1040,0.12364760432766615,8411
73,10000,5,986,0.1171438754900796,8417
74,10000,5,1096,0.13002728674813144,8429
75,10000,5,992,0.1185043602914825,8371
76,10000,5,1078,0.1286549707602339,8379
77,10000,5,1158,0.1374480712166172,8425
78,10000,5,1146,0.13615302364262802,8417
79,10000,5,1110,0.13269575612671847,8365
80,10000,5,1078,0.1285016092502086,8389
81,10000,5,1052,0.1257019954594336,8369
82,10000,5,1056,0.126134734830387,8372
83,10000,5,1052,0.12491094751840418,8422
84,10000,5,1038,0.1233511586452763,8415
85,10000,5,1168,0.13888228299643282,8410
86,10000,5,1046,0.12433139189349816,8413
87,10000,5,1054,0.12485193082208007,8442
88,10000,5,1130,0.13425210882737318,8417
89,10000,5,1154,0.13681090693538828,8435
90,10000,5,1056,0.1256245538900785,8406
91,10000,5,1010,0.12008084651052194,8411
92,10000,5,1092,0.12998452565170812,8401
93,10000,5,1002,0.11895999050219637,8423
94,10000,5,1058,0.12532575219142383,8442
95,10000,5,980,0.11677788369876073,8392
96,10000,5,1014,0.12054208273894436,8412
97,10000,5,1032,0.12247804414906242,8426
98,10000,5,1118,0.13274756589883638,8422
99,10000,5,1014,0.12078618225134008,8395
100,10000,5,1020,0.12151536812008577,8394
101,10000,5,948,0.11248220218319886,8428
102,10000,5,1126,0.13388822829964328,8410
103,10000,5,1030,0.12323522373773631,8358
104,10000,5,1194,0.1416034155597723,8432
105,10000,5,1060,0.1262656343061346,8395
106,10000,5,1146,0.13610451306413301,8420
107,10000,5,948,0.11277658815132048,8406
108,10000,5,1080,0.12843382090617195,8409
109,10000,5,1072,0.12754312908982748,8405
110,10000,5,1034,0.12347743014091235,8374
111,10000,5,988,0.11784351145038167,8384
112,10000,5,992,0.11803902903379343,8404
113,10000,5,1088,0.12970910824988077,8388
114,10000,5,1136,0.13477280816229684,8429
115,10000,5,1134,0.13512869399428026,8392
116,10000,5,1148,0.13694381486341406,8383
117,10000,5,1058,0.12629819744538617,8377
118,10000,5,1116,0.13246290801186944,8425
119,10000,5,1056,0.1249408424041647,8452
120,10000,5,1120,0.13295346628679963,8424
121,10000,5,1078,0.12810457516339868,8415
122,10000,5,1154,0.137446403049071,8396
123,10000,5,1006,0.1202055203728044,8369
124,10000,5,1026,0.12160720635296907,8437
125,10000,5,1016,0.12060778727445394,8424
126,10000,5,1026,0.12250746268656716,8375
127,10000,5,1084,0.12801133679735474,8468
128,10000,5,1006,0.11946324664529154,8421
129,10000,5,1262,0.14977450747685733,8426
130,10000,5,1104,0.13074372335386072,8444
131,10000,5,1108,0.13162271323354716,8418
132,10000,5,1184,0.14025112532575218,8442
133,10000,5,1016,0.12045050385299348,8435
134,10000,5,1042,0.12391485313354739,8409
135,10000,5,892,0.10627904205885857,8393
136,10000,5,1070,0.12742646183160652,8397
137,10000,5,1080,0.12846437492565718,8407
138,10000,5,1130,0.1340768865685809,8428
139,10000,5,1170,0.139385275196569,8394
140,10000,5,982,0.11671024483004516,8414
141,10000,5,1072,0.12702926887071928,8439
142,10000,5,970,0.1153663177925785,8408
143,10000,5,1058,0.1258774538964902,8405
144,10000,5,1120,0.1329850391830919,8422
145,10000,5,1082,0.1281990521327014,8440
146,10000,5,1122,0.13304873710423337,8433
147,10000,5,1114,0.1325874791716258,8402
148,10000,5,970,0.11531145981930575,8412
149,10000,5,960,0.11464055409601147,8374
150,10000,5,1188,0.14127720299678914,8409
151,10000,5,984,0.11735241502683363,8385
152,10000,5,1136,0.13475682087781732,8430
153,10000,5,1096,0.13002728674813144,8429
154,10000,5,1144,0.1359961959106039,8412
155,10000,5,1022,0.12189885496183206,8384
156,10000,5,1124,0.1336981087189247,8407
157,10000,5,1086,0.1295169946332737,8385
158,10000,5,1052,0.12508917954815696,8410
159,10000,5,1042,0.12455175711212049,8366
160,10000,5,1064,0.12653109763348794,8409
161,10000,5,1142,0.13569391634980987,8416
162,10000,5,1086,0.12968712682111297,8374
163,10000,5,1038,0.12434115955917585,8348
164,10000,5,1176,0.13963429114224649,8422
165,10000,5,1102,0.13072360616844603,8430
166,10000,5,1010,0.11993824961406009,8421
167,10000,5,970,0.11553120533587423,8396
168,10000,5,1014,0.12042755344418052,8420
169,10000,5,1084,0.12869523922592901,8423
170,10000,5,1034,0.1227154046997389,8426
171,10000,5,1072,0.12774070543374644,8392
172,10000,5,1108,0.13201477421660907,8393
173,10000,5,1068,0.12730957205864823,8389
174,10000,5,1060,0.12592064623425991,8418
175,10000,5,1072,0.12781685942530105,8387
176,10000,5,1134,0.1346793349168646,8420
177,10000,5,1180,0.140509645153608,8398
178,10000,5,950,0.11266603415559773,8432
179,10000,5,1110,0.13220581229156741,8396
180,10000,5,970,0.115765604487409,8379
181,10000,5,1074,0.1276747503566334,8412
182,10000,5,1106,0.13085660198769522,8452
183,10000,5,1042,0.12431400620376998,8382
184,10000,5,1064,0.12654614652711704,8408
185,10000,5,1050,0.12498512081895012,8401
186,10000,5,1044,0.12404942965779468,8416
187,10000,5,1056,0.12628557761301124,8362
188,10000,5,1080,0.12881679389312978,8384
189,10000,5,1134,0.13498393048446614,8401
190,10000,5,1076,0.12782133523402234,8418
191,10000,5,1072,0.12702926887071928,8439
192,10000,5,1122,0.13309608540925266,8430
193,10000,5,982,0.11647491400782825,8431
194,10000,5,1040,0.12336892052194544,8430
195,10000,5,1058,0.12574280960304254,8414
196,10000,5,1038,0.12396990326048012,8373
197,10000,5,1070,0.127868068833652,8368
198,10000,5,1092,0.12973743614114291,8417
199,10000,5,964,0.11465271170313987,8408
200,10000,5,988,0.11799832795891556,8373
201,10000,5,1068,0.12732474964234622,8388
202,10000,5,1144,0.1358669833729216,8420
203,10000,5,1072,0.12777115613825984,8390
204,10000,5,1078,0.12798290395346076,8423
205,10000,5,1136,0.13461310581822492,8439
206,10000,5,1080,0.12846437492565718,8407
207,10000,5,988,0.11745126010461246,8412
208,10000,5,1034,0.12300737568403522,8406
209,10000,5,1082,0.12856463878326996,8416
210,10000,5,1042,0.12338661930136176,8445
211,10000,5,1100,0.13062581641135257,8421
212,10000,5,1120,0.13296925086073846,8423
213,10000,5,1230,0.14632405424696646,8406
214,10000,5,1066,0.126693605894937,8414
215,10000,5,1130,0.13398150343846335,8434
216,10000,5,1080,0.1284796573875803,8406
217,10000,5,1054,0.12498517727973438,8433
218,10000,5,1004,0.1200526126987923,8363
219,10000,5,1146,0.13616920152091255,8416
220,10000,5,1106,0.13077923613574555,8457
221,10000,5,1090,0.1301026497970876,8378
222,10000,5,1018,0.12108956821696205,8407
223,10000,5,1088,0.12992596130881298,8374
224,10000,5,1012,0.12043317862668095,8403
225,10000,5,1040,0.12363290537327627,8412
226,10000,5,960,0.11425850987860034,8402
227,10000,5,1056,0.12549019607843137,8415
228,10000,5,1050,0.12479201331114809,8414
229,10000,5,1132,0.1342982560208803,8429
230,10000,5,1162,0.13833333333333334,8400
231,10000,5,1048,0.12482134349690328,8396
232,10000,5,1018,0.12116162818376577,8402
233,10000,5,974,0.11577320813027457,8413
234,10000,5,1154,0.13787335722819594,8370
235,10000,5,1080,0.12841854934601665,8410
236,10000,5,1004,0.11905608917348512,8433
237,10000,5,1142,0.13551679126616828,8427
238,10000,5,1046,0.12452380952380952,8400
239,10000,5,1024,0.12132701421800948,8440
240,10000,5,1028,0.1222790531699774,8407
241,10000,5,1026,0.12195411862593605,8413
242,10000,5,1040,0.1243572880545259,8363
243,10000,5,978,0.11605553577785689,8427
244,10000,5,1100,0.13098356751607526,8398
245,10000,5,930,0.11035955856176576,8427
246,10000,5,1144,0.1363853123509776,8388
247,10000,5,986,0.11718564297599239,8414
248,10000,5,1192,0.1422943774620986,8377
249,10000,5,1008,0.1205020920502092,8365
250,10000,5,1162,0.13782469457952792,8431
251,10000,5,1106,0.1316039980961447,8404
252,10000,5,998,0.11878124256129494,8402
253,10000,5,1048,0.1249850924269529,8385
254,10000,5,1066,0.12745098039215685,8364
255,10000,5,1048,0.12477675913799262,8399
256,10000,5,1094,0.13009870376977048,8409
257,10000,5,1014,0.12061377423575592,8407
258,10000,5,994,0.11798219584569733,8425
259,10000,5,1122,0.13295414148595805,8439
260,10000,5,1042,0.12440305635148043,8376
261,10000,5,1084,0.12837517764092846,8444
262,10000,5,1094,0.13033118894448414,8394
263,10000,5,1036,0.12358344268161756,8383
264,10000,5,1062,0.1261732208625401,8417
265,10000,5,964,0.11463907717921275,8409
266,10000,5,886,0.10600622158411104,8358
267,10000,5,1072,0.12748245926982996,8409
268,10000,5,970,0.11514719848053181,8424
269,10000,5,1104,0.130619971604354,8452
270,10000,5,1048,0.12495528794563014,8387
271,10000,5,922,0.10984036216345008,8394
272,10000,5,1098,0.13012562218535198,8438
273,10000,5,1088,0.12950839185811214,8401
274,10000,5,1062,0.12621820774898979,8414
275,10000,5,1034,0.12303664921465969,8404
276,10000,5,1126,0.13366571699905033,8424
277,10000,5,1134,0.13487155090390104,8408
278,10000,5,984,0.11707317073170732,8405
279,10000,5,1018,0.12137832359604149,8387
280,10000,5,1128,0.13395083719273246,8421
281,10000,5,1060,0.1260854050196265,8407
282,10000,5,1072,0.12754312908982748,8405
283,10000,5,1026,0.12139138665404638,8452
284,10000,5,1190,0.14161608949184815,8403
285,10000,5,1132,0.13428232502965598,8430
286,10000,5,1180,0.14012587578672367,8421
287,10000,5,1118,0.13315864697474988,8396
288,10000,5,990,0.11727078891257996,8442
289,10000,5,1210,0.14341590612777053,8437
290,10000,5,1100,0.13048635824436536,8430
291,10000,5,1082,0.12934847579199044,8365
292,10000,5,1082,0.12851882646395058,8419
293,10000,5,1068,0.1262709860487113,8458
294,10000,5,1082,0.12919402985074627,8375
295,10000,5,1156,0.13730846893930396,8419
296,10000,5,1038,0.12351261304140886,8404
297,10000,5,954,0.11342289858518606,8411
298,10000,5,970,0.11544870268983576,8402
299,10000,5,1070,0.12762404580152673,8384
300,10000,5,1130,0.13366453749704282,8454
301,10000,5,1080,0.12857142857142856,8400
302,10000,5,1076,0.1286927401028585,8361
303,10000,5,1178,0.13939178795408827,8451
304,10000,5,1154,0.1373973092034766,8399
305,10000,5,1026,0.12189616252821671,8417
306,10000,5,1004,0.11914085676990625,8427
307,10000,5,1026,0.12198311734633219,8411
308,10000,5,914,0.10883543700881163,8398
309,10000,5,1086,0.12923955730096395,8403
310,10000,5,1048,0.125,8384
311,10000,5,1030,0.12292636352786729,8379
312,10000,5,1104,0.13147552697391926,8397
313,10000,5,990,0.11794138670478914,8394
314,10000,5,1200,0.14265335235378032,8412
315,10000,5,1110,0.1325373134328358,8375
316,10000,5,1162,0.13782469457952792,8431
317,10000,5,1040,0.12398664759179781,8388
318,10000,5,1140,0.1357142857142857,8400
319,10000,5,1110,0.13247404224847834,8379
320,10000,5,1046,0.12408066429418743,8430
321,10000,5,986,0.11725532167915328,8409
322,10000,5,1102,0.1313938237748897,8387
323,10000,5,1032,0.12309160305343511,8384
324,10000,5,1054,0.12535680304471933,8408
325,10000,5,1168,0.13893184251219223,8407
326,10000,5,1108,0.1321564885496183,8384
327,10000,5,1024,0.12218112397088653,8381
328,10000,5,1064,0.12650101058138152,8411
329,10000,5,932,0.11062314540059347,8425
330,10000,5,1124,0.1343372773993068,8367
331,10000,5,1078,0.12755886877292627,8451
332,10000,5,1152,0.13809637976504435,8342
333,10000,5,1114,0.13200616186751984,8439
334,10000,5,1050,0.12525348920434212,8383
335,10000,5,1094,0.13031566408576534,8395
336,10000,5,1056,0.1260293591120659,8379
337,10000,5,1082,0.12870227191626027,8407
338,10000,5,1016,0.12098118599666587,8398
339,10000,5,1092,0.12950664136622392,8432
340,10000,5,992,0.11854684512428298,8368
341,10000,5,1000,0.11940298507462686,8375
342,10000,5,1048,0.1245099203991921,8417
343,10000,5,1086,0.12939354223757893,8393
344,10000,5,1010,0.12039575634759804,8389
345,10000,5,1082,0.12815349994077935,8443
346,10000,5,990,0.11738202513635286,8434
347,10000,5,962,0.11538922873935469,8337
348,10000,5,1060,0.1260854050196265,8407
349,10000,5,1056,0.12577417818008577,8396
350,10000,5,1016,0.12047907031898494,8433
351,10000,5,1076,0.12771513353115727,8425
352,10000,5,1042,0.12416587225929457,8392
353,10000,5,1060,0.12607040913415796,8408
354,10000,5,1054,0.1251335628635878,8423
355,10000,5,1148,0.13582584003786086,8452
356,10000,5,1104,0.13105413105413105,8424
357,10000,5,1098,0.13012562218535198,8438
358,10000,5,1122,0.13365098272781417,8395
359,10000,5,1040,0.12394231915147182,8391
360,10000,5,990,0.1180116819644773,8389
361,10000,5,1078,0.1287010506208214,8376
362,10000,5,1094,0.1294827790271038,8449
363,10000,5,1188,0.14149595045259647,8396
364,10000,5,1068,0.12664532194948416,8433
365,10000,5,1072,0.12746730083234245,8410
366,10000,5,1070,0.12736578978693014,8401
367,10000,5,1038,0.12310246679316889,8432
368,10000,5,1030,0.12231326445790286,8421
369,10000,5,992,0.11830649970184853,8385
370,10000,5,1114,0.1322569155882702,8423
371,10000,5,1184,0.14108674928503337,8392
372,10000,5,1066,0.12631828415689061,8439
373,10000,5,1142,0.13592001904308498,8402
374,10000,5,916,0.1088403041825095,8416
375,10000,5,1056,0.12595419847328243,8384
376,10000,5,1022,0.12159428911362284,8405
377,10000,5,1000,0.11810558639423645,8467
378,10000,5,1098,0.13082330513523174,8393
379,10000,5,988,0.11756306520704426,8404
380,10000,5,1022,0.12172463077656026,8396
381,10000,5,1180,0.13956238911886457,8455
382,10000,5,1076,0.1280952380952381,8400
383,10000,5,942,0.11142654364797729,8454
384,10000,5,1140,0.1350230960559043,8443
385,10000,5,1156,0.1372432624955479,8423
386,10000,5,1036,0.12358344268161756,8383
387,10000,5,1062,0.12593383137673425,8433
388,10000,5,1178,0.13997148288973385,8416
389,10000,5,1052,0.12513381705721421,8407
390,10000,5,1120,0.13325401546698393,8405
391,10000,5,1070,0.12727488997264186,8407
392,10000,5,1020,0.12135633551457466,8405
393,10000,5,1072,0.12699917071437034,8441
394,10000,5,1078,0.12887029288702928,8365
395,10000,5,1082,0.12880952380952382,8400
396,10000,5,1084,0.1287869787335155,8417
397,10000,5,1130,0.13442778967404234,8406
398,10000,5,1022,0.12171013457187091,8397
399,10000,5,942,0.11233007393274505,8386
400,10000,5,1024,0.12178877259752617,8408
401,10000,5,1058,0.1260574288097224,8393
402,10000,5,1030,0.12338284619070436,8348
403,10000,5,1022,0.12137767220902612,8420
404,10000,5,1044,0.12410841654778887,8412
405,10000,5,996,0.1182897862232779,8420
406,10000,5,1062,0.12573999526403032,8446
407,10000,5,950,0.11270613358642781,8429
408,10000,5,1042,0.12394433210419888,8407
409,10000,5,1070,0.1276849642004773,8380
410,10000,5,1132,0.13472982623184956,8402
411,10000,5,1006,0.11930740037950664,8432
412,10000,5,1084,0.12932474349797185,8382
413,10000,5,1058,0.1258026159334126,8410
414,10000,5,1100,0.1306103063405367,8422
415,10000,5,1120,0.133492252681764,8390
416,10000,5,1032,0.12293031566408577,8395
417,10000,5,1046,0.1246870902372154,8389
418,10000,5,1084,0.12917063870352716,8392
419,10000,5,972,0.11511132164850782,8444
420,10000,5,1042,0.12375296912114014,8420
421,10000,5,988,0.11732573328583304,8421
422,10000,5,1074,0.12779628748215136,8404
423,10000,5,1052,0.12462978320104252,8441
424,10000,5,1058,0.12601238685088137,8396
425,10000,5,1120,0.13390722142515543,8364
426,10000,5,1116,0.13186813186813187,8463
427,10000,5,1034,0.12280285035629454,8420
428,10000,5,1046,0.12497013142174432,8370
429,10000,5,1030,0.12228422177371483,8423
430,10000,5,1064,0.12722707162501495,8363
431,10000,5,992,0.11774480712166172,8425
432,10000,5,1196,0.14244878513577894,8396
433,10000,5,1106,0.13149447152538343,8411
434,10000,5,1112,0.13268106431213458,8381
435,10000,5,972,0.11537091988130564,8425
436,10000,5,1124,0.13414488602458527,8379
437,10000,5,1072,0.12763424217168712,8399
438,10000,5,1090,0.12962302295159947,8409
439,10000,5,1198,0.14260207118200213,8401
440,10000,5,950,0.11289364230540701,8415
441,10000,5,1002,0.1193852019540093,8393
442,10000,5,1016,0.12047907031898494,8433
443,10000,5,1020,0.12139966674601285,8402
444,10000,5,1042,0.12388538818214244,8411
445,10000,5,1056,0.12559467174119887,8408
446,10000,5,1074,0.1273719165085389,8432
447,10000,5,1144,0.13610945865556218,8405
448,10000,5,1008,0.11998571598619212,8401
449,10000,5,1044,0.12450805008944543,8385
450,10000,5,1002,0.11886120996441281,8430
451,10000,5,980,0.11670834821960224,8397
452,10000,5,1058,0.12584750802902342,8407
453,10000,5,1076,0.12759397604648406,8433
454,10000,5,1202,0.1424170616113744,8440
455,10000,5,1122,0.13363506431634112,8396
456,10000,5,1130,0.1343478777790988,8411
457,10000,5,950,0.11321654153259444,8391
458,10000,5,1120,0.13319062908788204,8409
459,10000,5,1002,0.11939942802669208,8392
460,10000,5,1026,0.12199762187871581,8410
461,10000,5,1108,0.1316696375519905,8415
462,10000,5,1168,0.1386679330404844,8423
463,10000,5,1068,0.1270521056388294,8406
464,10000,5,980,0.11618257261410789,8435
465,10000,5,1046,0.12461281868000953,8394
466,10000,5,1052,0.12439399314177604,8457
467,10000,5,1018,0.12163938343888159,8369
468,10000,5,1058,0.12556373130785664,8426
469,10000,5,1166,0.13849625846300034,8419
470,10000,5,1050,0.12488106565176023,8408
471,10000,5,1000,0.1192321449862883,8387
472,10000,5,982,0.11680742238610682,8407
473,10000,5,1038,0.12292752250118427,8444
474,10000,5,966,0.11487691758829825,8409
475,10000,5,1064,0.12701444431180614,8377
476,10000,5,1098,0.13037283305628117,8422
477,10000,5,1104,0.1312410841654779,8412
478,10000,5,1078,0.12781598292625088,8434
479,10000,5,1066,0.1267990959914357,8407
480,10000,5,1080,0.1280986834301981,8431
481,10000,5,998,0.1192068800764453,8372
482,10000,5,1078,0.12844036697247707,8393
483,10000,5,1014,0.1208149648516621,8393
484,10000,5,972,0.11553548080351836,8413
485,10000,5,1116,0.13230586840545347,8435
486,10000,5,1020,0.1216312902456475,8386
487,10000,5,988,0.11775923718712754,8390
488,10000,5,1038,0.12401433691756272,8370
489,10000,5,1016,0.1205791597436506,8426
490,10000,5,1008,0.11990008326394672,8407
491,10000,5,1082,0.1287328970850684,8405
492,10000,5,1086,0.12919343326195576,8406
493,10000,5,968,0.11605323102745474,8341
494,10000,5,1160,0.13816102906145783,8396
495,10000,5,1192,0.1420231145001787,8393
496,10000,5,1088,0.12989493791786055,8376
497,10000,5,1036,0.12355396541443053,8385
498,10000,5,1064,0.1267572075291875,8394
499,10000,5,1196,0.14190792596108212,8428
500,10000,5,1142,0.13637449247671363,8374
501,10000,5,994,0.11802422227499407,8422
502,10000,5,1118,0.13254297569650267,8435
503,10000,5,1038,0.12320474777448072,8425
504,10000,5,1176,0.13978366813265186,8413
505,10000,5,1054,0.12558084117717144,8393
506,10000,5,1060,0.1258309591642925,8424
507,10000,5,1164,0.1379800853485064,8436
508,10000,5,1108,0.13201477421660907,8393
509,10000,5,982,0.1166132288326802,8421
510,10000,5,1134,0.13488759367194006,8407
511,10000,5,1204,0.14262023217247097,8442
512,10000,5,1138,0.13592928810320115,8372
513,10000,5,998,0.11868236413366631,8409
514,10000,5,1062,0.1262782401902497,8410
515,10000,5,1070,0.12762404580152673,8384
516,10000,5,988,0.11775923718712754,8390
517,10000,5,1014,0.12110354711572913,8373
518,10000,5,1066,0.12701060407482426,8393
519,10000,5,1076,0.12776062692947043,8422
520,10000,5,1090,0.12943830898943118,8421
521,10000,5,1048,0.12453951277480689,8415
522,10000,5,1160,0.13786546232469693,8414
523,10000,5,1146,0.13631497561555847,8407
524,10000,5,1076,0.12763938315539738,8430
525,10000,5,1032,0.1231209735146743,8382
526,10000,5,1058,0.12607244995233555,8392
527,10000,5,1114,0.1318031235210601,8452
528,10000,5,1084,0.129293893129771,8384
529,10000,5,1078,0.12837918304156246,8397
530,10000,5,1020,0.12195121951219512,8364
531,10000,5,1118,0.13315864697474988,8396
532,10000,5,1098,0.13113579362235758,8373
533,10000,5,1042,0.124062388379569,8399
534,10000,5,1048,0.12485108410769598,8394
535,10000,5,1106,0.13112033195020747,8435
536,10000,5,1060,0.12614542425324288,8403
537,10000,5,1068,0.1269765782903341,8411
538,10000,5,1128,0.1337443680341475,8434
539,10000,5,1056,0.12598425196850394,8382
540,10000,5,1040,0.12391278446324318,8393
541,10000,5,1122,0.13323833273957963,8421
542,10000,5,1122,0.13309608540925266,8430
543,10000,5,1134,0.13482344548805136,8411
544,10000,5,1132,0.1342982560208803,8429
545,10000,5,1084,0.12867996201329535,8424
546,10000,5,1040,0.12370643511359582,8407
547,10000,5,1028,0.12175766907497335,8443
548,10000,5,1096,0.13055390113162596,8395
549,10000,5,1036,0.12308423428775098,8417
550,10000,5,960,0.11419055548947306,8407
551,10000,5,1112,0.13183165382335507,8435
552,10000,5,1100,0.13043993833748369,8433
553,10000,5,1130,0.1338386829326069,8443
554,10000,5,1158,0.137660485021398,8412
555,10000,5,1048,0.12399432087079981,8452
556,10000,5,972,0.11460912628227804,8481
557,10000,5,1068,0.1273551156689721,8386
558,10000,5,1108,0.13204624001906806,8391
559,10000,5,1044,0.12421177870315289,8405
560,10000,5,948,0.11305903398926655,8385
561,10000,5,1102,0.13147220233834406,8382
562,10000,5,1014,0.12067118886112103,8403
563,10000,5,1200,0.1426872770511296,8410
564,10000,5,1016,0.12092358962151868,8402
565,10000,5,1022,0.12137767220902612,8420
566,10000,5,1070,0.12776119402985076,8375
567,10000,5,1034,0.12281743675020787,8419
568,10000,5,1058,0.1260424112461282,8394
569,10000,5,1128,0.13457408732999285,8382
570,10000,5,1172,0.13942422079467048,8406
571,10000,5,1174,0.13996185026227945,8388
572,10000,5,1010,0.11965406942305414,8441
573,10000,5,980,0.1163895486935867,8420
574,10000,5,1000,0.11968880909634949,8355
575,10000,5,1132,0.134906447384102,8391
576,10000,5,1074,0.12710059171597632,8450
577,10000,5,1148,0.13622878841817965,8427
578,10000,5,1078,0.12847098081277558,8391
579,10000,5,1122,0.1336191496963201,8397
580,10000,5,1122,0.1332066959515612,8423
581,10000,5,1158,0.13803790678269162,8389
582,10000,5,1132,0.1343141907925961,8428
583,10000,5,1102,0.13100332857822158,8412
584,10000,5,1200,0.1423487544483986,8430
585,10000,5,1106,0.1312136671016728,8429
586,10000,5,1006,0.11987607244995234,8392
587,10000,5,1082,0.12899380066762042,8388
588,10000,5,1070,0.12735063080218995,8402
589,10000,5,1158,0.13735025501126794,8431
590,10000,5,1046,0.12519449431478158,8355
591,10000,5,1138,0.1356700047687172,8388
592,10000,5,1062,0.12559129612109746,8456
593,10000,5,1074,0.1284688995215311,8360
594,10000,5,1038,0.12302951286002134,8437
595,10000,5,1016,0.121414913957935,8368
596,10000,5,936,0.11152150601691886,8393
597,10000,5,1028,0.12219184595269227,8413
598,10000,5,1114,0.1324298621017594,8412
599,10000,5,992,0.11761916054066872,8434
600,10000,5,1022,0.12179716362769634,8391
601,10000,5,1088,0.12958551691281564,8396
602,10000,5,1184,0.14051744600047472,8426
603,10000,5,1038,0.12376296649576726,8387
604,10000,5,1120,0.13245033112582782,8456
605,10000,5,1014,0.12069991667658612,8401
606,10000,5,1072,0.12760385668372812,8401
607,10000,5,1074,0.12755344418052256,8420
608,10000,5,1146,0.1359591885158382,8429
609,10000,5,988,0.11777327452616522,8389
610,10000,5,1092,0.12959886066935675,8426
611,10000,5,1112,0.13161320866374718,8449
612,10000,5,1094,0.13045552110660624,8386
613,10000,5,1138,0.13525077252198717,8414
614,10000,5,1044,0.12473118279569892,8370
615,10000,5,1048,0.12418533001540467,8439
616,10000,5,1064,0.1268478779208393,8388
617,10000,5,1022,0.12130563798219585,8425
618,10000,5,1086,0.1288561936402468,8428
619,10000,5,1006,0.12021988527724665,8368
620,10000,5,1026,0.12189616252821671,8417
621,10000,5,1150,0.1367907695967646,8407
622,10000,5,1000,0.11889192723814053,8411
623,10000,5,1092,0.12986086336068497,8409
624,10000,5,1056,0.12590914510552045,8387
625,10000,5,1102,0.1314251639833035,8385
626,10000,5,1104,0.13189964157706094,8370
627,10000,5,1134,0.13410596026490065,8456
628,10000,5,1048,0.12473220661747203,8402
629,10000,5,1100,0.1310615989515072,8393
630,10000,5,1080,0.12788632326820604,8445
631,10000,5,1086,0.1288561936402468,8428
632,10000,5,1024,0.12147093712930011,8430
633,10000,5,1038,0.1233511586452763,8415
634,10000,5,1106,0.13165099392929414,8401
635,10000,5,998,0.11852731591448931,8420
636,10000,5,1140,0.13560128464374926,8407
637,10000,5,1142,0.135871505056514,8405
638,10000,5,1010,0.11971079767689938,8437
639,10000,5,1116,0.13312656566861505,8383
640,10000,5,1016,0.120837297811608,8408
641,10000,5,986,0.1171438754900796,8417
642,10000,5,994,0.11892797319932999,8358
643,10000,5,1092,0.1295527346067149,8429
644,10000,5,1130,0.13379114373668008,8446
645,10000,5,930,0.1104775481111903,8418
646,10000,5,1052,0.1255669610885653,8378
647,10000,5,1080,0.12878607202480324,8386
648,10000,5,1132,0.1347137926930858,8403
649,10000,5,1074,0.12816229116945108,8380
650,10000,5,1026,0.1223321807559318,8387
651,10000,5,982,0.11696045736064793,8396
652,10000,5,1098,0.1307921381774866,8395
653,10000,5,992,0.11764705882352941,8432
654,10000,5,1124,0.1336981087189247,8407
655,10000,5,1160,0.13762012101079607,8429
656,10000,5,1114,0.13241412100320932,8413
657,10000,5,1194,0.14226140831645417,8393
658,10000,5,996,0.11909601817529594,8363
659,10000,5,940,0.11203814064362336,8390
660,10000,5,1056,0.12544547398431932,8418
661,10000,5,1102,0.13084777962479222,8422
662,10000,5,1076,0.12792771370823922,8411
663,10000,5,1050,0.12434864992894362,8444
664,10000,5,1046,0.12511961722488038,8360
665,10000,5,1044,0.12421177870315289,8405
666,10000,5,1104,0.13106969013415648,8423
667,10000,5,1080,0.12849494348602022,8405
668,10000,5,1210,0.1439619274241523,8405
669,10000,5,1094,0.13003684773564722,8413
670,10000,5,1018,0.12129155248421304,8393
671,10000,5,1120,0.1330166270783848,8420
672,10000,5,1012,0.12093690248565965,8368
673,10000,5,1010,0.12035271687321258,8392
674,10000,5,1044,0.12431531316980234,8398
675,10000,5,1128,0.13345953620444864,8452
676,10000,5,1086,0.12925493930016663,8402
677,10000,5,1020,0.12099644128113879,8430
678,10000,5,1126,0.1332544378698225,8450
679,10000,5,1142,0.1359038438652862,8403
680,10000,5,958,0.11412913986180605,8394
681,10000,5,1042,0.12398857686815802,8404
682,10000,5,1056,0.12624028690974298,8365
683,10000,5,1102,0.13018310691080923,8465
684,10000,5,1082,0.12779024447856382,8467
685,10000,5,1048,0.12495528794563014,8387
686,10000,5,1052,0.12464454976303317,8440
687,10000,5,1068,0.12619638426090038,8463
688,10000,5,1050,0.12470308788598575,8420
689,10000,5,1010,0.12041010968049595,8388
690,10000,5,920,0.10989010989010989,8372
691,10000,5,1184,0.14125507038892865,8382
692,10000,5,1090,0.1301181807329593,8377
693,10000,5,1056,0.12605944848991285,8377
694,10000,5,950,0.1134057538498269,8377
695,10000,5,1136,0.13493288989191116,8419
696,10000,5,1100,0.13110846245530394,8390
697,10000,5,916,0.10900868737355707,8403
698,10000,5,1216,0.14433234421364985,8425
699,10000,5,1056,0.12608955223880597,8375
700,10000,5,1106,0.13196515928886768,8381
701,10000,5,1066,0.12670866516106027,8413
702,10000,5,1144,0.1359315589353612,8416
703,10000,5,1056,0.12557973599714592,8409
704,10000,5,1106,0.13202817237674586,8377
705,10000,5,1024,0.12138454243717402,8436
706,10000,5,1064,0.12674210839785588,8395
707,10000,5,1094,0.1303622497616778,8392
708,10000,5,1058,0.125712927756654,8416
709,10000,5,976,0.11643999045573848,8382
710,10000,5,1032,0.12265272165438555,8414
711,10000,5,994,0.11878585086042065,8368
712,10000,5,1032,0.12262357414448669,8416
713,10000,5,1066,0.12693498452012383,8398
714,10000,5,1006,0.11981896141019534,8396
715,10000,5,1116,0.13274652075651244,8407
716,10000,5,1058,0.12569799215872637,8417
717,10000,5,1114,0.13239838364630377,8414
718,10000,5,1064,0.12713585852551082,8369
719,10000,5,1110,0.13195435092724678,8412
720,10000,5,1014,0.12031324157570004,8428
721,10000,5,1020,0.12083876317971805,8441
722,10000,5,1142,0.13614687649022414,8388
723,10000,5,1080,0.1283574994057523,8414
724,10000,5,1032,0.12347451543431442,8358
725,10000,5,968,0.11576177947859363,8362
726,10000,5,1006,0.11878616129413154,8469
727,10000,5,1064,0.12707512241729368,8373
728,10000,5,970,0.11499703615886188,8435
729,10000,5,1072,0.1263703878344925,8483
730,10000,5,1042,0.12370889231865131,8423
731,10000,5,1122,0.13330165141974576,8417
732,10000,5,1010,0.12026673017385092,8398
733,10000,5,992,0.1179688429064098,8409
734,10000,5,1118,0.132873781792251,8414
735,10000,5,1134,0.1346153846153846,8424
736,10000,5,986,0.11747885142380556,8393
737,10000,5,1036,0.12340678975580703,8395
738,10000,5,1042,0.12397382510410469,8405
739,10000,5,1020,0.1210969963196011,8423
740,10000,5,1008,0.12045889101338432,8368
741,10000,5,1148,0.1362126245847176,8428
742,10000,5,1048,0.12428842504743833,8432
743,10000,5,1032,0.12215909090909091,8448
744,10000,5,1010,0.12041010968049595,8388
745,10000,5,1128,0.1339031339031339,8424
746,10000,5,1194,0.1426012182013615,8373
747,10000,5,1138,0.13575092449003937,8383
748,10000,5,1024,0.1223855623281941,8367
749,10000,5,1022,0.12173913043478261,8395
750,10000,5,982,0.11714183466539425,8383
751,10000,5,1052,0.12547709923664122,8384
752,10000,5,1032,0.12279866730128511,8404
753,10000,5,1088,0.12898636633076468,8435
754,10000,5,1120,0.1322782567615448,8467
755,10000,5,1036,0.12373104024841754,8373
756,10000,5,1104,0.13156953879156238,8391
757,10000,5,1194,0.14238015740519913,8386
758,10000,5,990,0.11760513186029936,8418
759,10000,5,1082,0.1281079801089273,8446
760,10000,5,1078,0.1286396181384248,8380
761,10000,5,1096,0.13086567164179105,8375
762,10000,5,1212,0.14437164979154257,8395
763,10000,5,1040,0.12370643511359582,8407
764,10000,5,1056,0.12534124629080118,8425
765,10000,5,1112,0.13238095238095238,8400
766,10000,5,1114,0.13227261933032533,8422
767,10000,5,1028,0.12200332304770947,8426
768,10000,5,978,0.1165395614871306,8392
769,10000,5,952,0.11279620853080569,8440
770,10000,5,1130,0.13431593961725902,8413
771,10000,5,1050,0.12468827930174564,8421
772,10000,5,1054,0.1251484208026597,8422
773,10000,5,966,0.115,8400
774,10000,5,1080,0.12849494348602022,8405
775,10000,5,1130,0.13457187090627606,8397
776,10000,5,1026,0.12147762254321573,8446
777,10000,5,1036,0.12334801762114538,8399
778,10000,5,1056,0.12514813936951885,8438
779,10000,5,1120,0.13309566250742721,8415
780,10000,5,1100,0.13139034878165312,8372
781,10000,5,1024,0.12149976269577599,8428
782,10000,5,1088,0.12943135855341423,8406
783,10000,5,1042,0.12385593723998574,8413
784,10000,5,1008,0.12080536912751678,8344
785,10000,5,1100,0.1309991663689413,8397
786,10000,5,1046,0.12459797498511019,8395
787,10000,5,1168,0.1384214268784072,8438
788,10000,5,1100,0.13110846245530394,8390
789,10000,5,1212,0.14349988160075774,8446
790,10000,5,1022,0.12176814011676397,8393
791,10000,5,1026,0.12271259418729817,8361
792,10000,5,1034,0.12334486460694262,8383
793,10000,5,1154,0.1370871941078641,8418
794,10000,5,1188,0.14144541016787712,8399
795,10000,5,1128,0.1343017025836409,8399
796,10000,5,1100,0.13123359580052493,8382
797,10000,5,1028,0.12217732350843832,8414
798,10000,5,1042,0.12367952522255193,8425
799,10000,5,1056,0.12516297262059975,8437
800,10000,5,1032,0.12279866730128511,8404
801,10000,5,1018,0.12149421171977563,8379
802,10000,5,1010,0.12015227218653343,8406
803,10000,5,1184,0.14040080635598245,8433
804,10000,5,1112,0.1315353678731961,8454
805,10000,5,1108,0.13182629387269482,8405
806,10000,5,1166,0.13927376970855232,8372
807,10000,5,1022,0.12133444141042384,8423
808,10000,5,1076,0.12780615274973275,8419
809,10000,5,1082,0.12818386447103425,8441
810,10000,5,1010,0.12018086625416469,8404
811,10000,5,1152,0.1369635001783379,8411
812,10000,5,1092,0.13029471423457822,8381
813,10000,5,1122,0.13397014925373135,8375
814,10000,5,1064,0.12633578722393732,8422
815,10000,5,1108,0.13148214073810371,8427
816,10000,5,1034,0.12310989403500416,8399
817,10000,5,1138,0.1355084543939033,8398
818,10000,5,1068,0.12688606391826066,8417
819,10000,5,1094,0.13023809523809524,8400
820,10000,5,1080,0.12893982808022922,8376
821,10000,5,1062,0.12594876660341556,8432
822,10000,5,1082,0.12888624181060154,8395
823,10000,5,958,0.11434709954643113,8378
824,10000,5,1108,0.13159144893111638,8420
825,10000,5,1088,0.12898636633076468,8435
826,10000,5,1010,0.12033837721911117,8393
827,10000,5,1074,0.12744749021003915,8427
828,10000,5,1196,0.14185743090973787,8431
829,10000,5,1170,0.13955152671755724,8384
830,10000,5,1106,0.13143196672608437,8415
831,10000,5,1044,0.12425612949297786,8402
832,10000,5,990,0.11770300796575912,8411
833,10000,5,1056,0.12553495007132667,8412
834,10000,5,1024,0.12177428945177786,8409
835,10000,5,996,0.11869860564890955,8391
836,10000,5,1090,0.12962302295159947,8409
837,10000,5,942,0.11183663777751394,8423
838,10000,5,1210,0.14384213029006182,8412
839,10000,5,1022,0.12159428911362284,8405
840,10000,5,1210,0.14418493803622498,8392
841,10000,5,1046,0.12479121927940826,8382
842,10000,5,1150,0.13627207015049175,8439
843,10000,5,1136,0.13507728894173604,8410
844,10000,5,1054,0.1251187084520418,8424
845,10000,5,910,0.10835913312693499,8398
846,10000,5,1074,0.12761406844106463,8416
847,10000,5,1046,0.12437574316290131,8410
848,10000,5,1058,0.12595238095238095,8400
849,10000,5,1028,0.12305482403638976,8354
850,10000,5,956,0.11371476150826693,8407
851,10000,5,1074,0.12744749021003915,8427
852,10000,5,1012,0.12043317862668095,8403
853,10000,5,1028,0.12171442102770542,8446
854,10000,5,1102,0.13136249850995352,8389
855,10000,5,1084,0.12923223652837387,8388
856,10000,5,994,0.11862990810359231,8379
857,10000,5,1018,0.12129155248421304,8393
858,10000,5,1140,0.13628212791392708,8365
859,10000,5,1110,0.1320956801142449,8403
860,10000,5,994,0.1177585594123919,8441
861,10000,5,1208,0.14386090270334642,8397
862,10000,5,1038,0.12367449064696771,8393
863,10000,5,1118,0.13330153809467032,8387
864,10000,5,1170,0.13983506633201864,8367
865,10000,5,1080,0.12817469736529788,8426
866,10000,5,1042,0.12344508944437863,8441
867,10000,5,1180,0.1409460105112279,8372
868,10000,5,934,0.1112302012623556,8397
869,10000,5,1128,0.13420582986317667,8405
870,10000,5,1042,0.12363550071191268,8428
871,10000,5,976,0.11598336304218657,8415
872,10000,5,1200,0.14251781472684086,8420
873,10000,5,1108,0.1321880219518015,8382
874,10000,5,1140,0.13585984983911334,8391
875,10000,5,990,0.1178711751398976,8399
876,10000,5,1178,0.14057279236276848,8380
877,10000,5,1090,0.12960760998810938,8410
878,10000,5,1072,0.1278321011209158,8386
879,10000,5,1048,0.1251492715548125,8374
880,10000,5,1028,0.12262913038291781,8383
881,10000,5,1092,0.13046594982078852,8370
882,10000,5,1078,0.12880869876926754,8369
883,10000,5,1100,0.13085891030216512,8406
884,10000,5,1024,0.12183224271267103,8405
885,10000,5,1080,0.12844909609895339,8408
886,10000,5,980,0.11632047477744807,8425
887,10000,5,1038,0.12321937321937322,8424
888,10000,5,1074,0.12779628748215136,8404
889,10000,5,1014,0.12085816448152563,8390
890,10000,5,1146,0.1363311920057102,8406
891,10000,5,930,0.1103988603988604,8424
892,10000,5,1094,0.13095523102705292,8354
893,10000,5,1110,0.1322845906328209,8391
894,10000,5,1068,0.126750534061239,8426
895,10000,5,1068,0.1270672218917311,8405
896,10000,5,978,0.11597296335823551,8433
897,10000,5,1002,0.1198421241478292,8361
898,10000,5,1090,0.12931545853600665,8429
899,10000,5,1064,0.12771576041291563,8331
900,10000,5,1002,0.11968466316292403,8372
901,10000,5,1086,0.12907059662467316,8414
902,10000,5,1014,0.1206855510592716,8402
903,10000,5,1166,0.13884258156703977,8398
904,10000,5,1086,0.12893268431675176,8423
905,10000,5,1068,0.12649532156816298,8443
906,10000,5,1036,0.12333333333333334,8400
907,10000,5,1026,0.12225929456625358,8392
908,10000,5,1194,0.14185576808839254,8417
909,10000,5,1068,0.12666034155597722,8432
910,10000,5,1024,0.12245874192776848,8362
911,10000,5,1130,0.13385453683961146,8442
912,10000,5,1114,0.13268222963315865,8396
913,10000,5,1176,0.13966745843230405,8420
914,10000,5,1052,0.12555197517603534,8379
915,10000,5,1052,0.12532761496306885,8394
916,10000,5,1090,0.12959220068957317,8411
917,10000,5,968,0.11480075901328274,8432
918,10000,5,1122,0.13300142247510668,8436
919,10000,5,1044,0.12410841654778887,8412
920,10000,5,1124,0.13379359600047613,8401
921,10000,5,1102,0.1308944055113434,8419
922,10000,5,1010,0.11999524771296187,8417
923,10000,5,1048,0.12459873974557127,8411
924,10000,5,1002,0.11932833154698107,8397
925,10000,5,1154,0.1368595825426945,8432
926,10000,5,1068,0.1270672218917311,8405
927,10000,5,1056,0.125311498754005,8427
928,10000,5,1016,0.12108211178643785,8391
929,10000,5,1086,0.12876452454351434,8434
930,10000,5,1122,0.13315926892950392,8426
931,10000,5,1066,0.1268745536776958,8402
932,10000,5,1124,0.13342830009496676,8424
933,10000,5,1002,0.11907308377896614,8415
934,10000,5,1152,0.1369635001783379,8411
935,10000,5,1012,0.12029002733864258,8413
936,10000,5,1022,0.12159428911362284,8405
937,10000,5,1054,0.1251335628635878,8423
938,10000,5,1028,0.12241009764229578,8398
939,10000,5,1068,0.12673549305802778,8427
940,10000,5,986,0.11766109785202863,8380
941,10000,5,1164,0.1383737517831669,8412
942,10000,5,1028,0.12222090120080846,8411
943,10000,5,1158,0.13777513384889947,8405
944,10000,5,1042,0.12388538818214244,8411
945,10000,5,1024,0.12155745489078823,8424
946,10000,5,1026,0.12209925026776151,8403
947,10000,5,1116,0.13282551773387288,8402
948,10000,5,1046,0.1242575433594678,8418
949,10000,5,1040,0.12355946299156469,8417
950,10000,5,1078,0.1286549707602339,8379
951,10000,5,994,0.11851675211637057,8387
952,10000,5,1072,0.12708950800237107,8435
953,10000,5,1016,0.12073677956030897,8415
954,10000,5,994,0.11808030411023997,8418
955,10000,5,966,0.11539839923545574,8371
956,10000,5,1010,0.12018086625416469,8404
957,10000,5,1022,0.12156536219816819,8407
958,10000,5,1106,0.13158834027364663,8405
959,10000,5,966,0.115054787994283,8396
960,10000,5,1098,0.13031094232138618,8426
961,10000,5,1008,0.12053090996054047,8363
962,10000,5,1076,0.12794292508917954,8410
963,10000,5,1052,0.12564194434491818,8373
964,10000,5,1154,0.13645500768594065,8457
965,10000,5,964,0.11462544589774079,8410
966,10000,5,1118,0.13373205741626795,8360
967,10000,5,958,0.11407477970945464,8398
968,10000,5,1070,0.1275023832221163,8392
969,10000,5,1016,0.12106768350810296,8392
970,10000,5,1062,0.12758289283998078,8324
971,10000,5,1010,0.12010940658817933,8409
972,10000,5,1078,0.12784629981024667,8432
973,10000,5,1114,0.13257170058312506,8403
974,10000,5,1024,0.12231247013855709,8372
975,10000,5,1056,0.12574422481543224,8398
976,10000,5,1114,0.1326190476190476,8400
977,10000,5,1146,0.13608835055219096,8421
978,10000,5,1060,0.1256966678524843,8433
979,10000,5,1114,0.13269803454437165,8395
980,10000,5,1232,0.1468764902241297,8388
981,10000,5,1048,0.12532886869170054,8362
982,10000,5,994,0.1178842504743833,8432
983,10000,5,1066,0.1262584389435035,8443
984,10000,5,1170,0.13920285544318858,8405
985,10000,5,1052,0.12492578078612991,8421
986,10000,5,1126,0.13387231007014624,8411
987,10000,5,1012,0.12060541055893219,8391
988,10000,5,1052,0.12488129154795821,8424
989,10000,5,1050,0.12455516014234876,8430
990,10000,5,1010,0.12074118350268978,8365
991,10000,5,1090,0.12960760998810938,8410
992,10000,5,1046,0.12437574316290131,8410
993,10000,5,1038,0.12346853812299274,8407
994,10000,5,992,0.11803902903379343,8404
995,10000,5,1088,0.12974004292869068,8386
996,10000,5,968,0.11556829035339064,8376
997,10000,5,1010,0.12039575634759804,8389
998,10000,5,1084,0.1288022813688213,8416
999,10000,5,1072,0.12751278696324492,8407
